Label_in_fastas,Label_on_trees
BBWA_971_A_CCTATACC-GCTCTGTA ,Amerodectes_aff_ischyros_ex_Setophaga_castanea_BBWA971A
BPWA_337_C_CAAGCCAA-CTTCGTTC_dd ,Amerodectes_aff_ischyros_ex_Setophaga_striata_BPWA337C
WEWA_727_R_ACCATCCT-GTTCATGG ,Amerodectes_helmitheros_ex_Helmitheros_vermivorum_WEWA727R
SWWA_980_R_TACATCGG-TGATCGGA ,Amerodectes_helmitheros_ex_Limnothlypis_swainsonii_SWWA980R
MOWA_611_R_HC7TNCCX2_subsampled_dd ,Amerodectes_hribari_ex_Geothlypis_philadelphia_MOWA611R
COYE_868_R_CCAACACT-AGTTCGTC ,Amerodectes_hribari_ex_Geothlypis_trichas_COYE868R
CONW_930_R_ATCGTCTC-GTCCTTCT ,Amerodectes_hribari_ex_Oporornis_agilis_CONW930R
PIWA_948_R_ATAACGCC-TTGGTGAG ,Amerodectes_hribari_ex_Setophaga_pinus_PIWA948R
CAWA_366_A_CCGGAATA-CCTACTGA_dd ,Amerodectes_ischyros_ex_Cardellina_canadensis_CAWA366A
BTBW_850_R_AGGTTCCT-AGGTTCGA ,Amerodectes_ischyros_ex_Setophaga_caerulescens_BTBW850R
CERW_358_A_TCTTCGAC-GAGCAGTA ,Amerodectes_ischyros_ex_Setophaga_cerulea_CERW358A
BLBW_861_R_AACGCCTT-TTCTCTCG ,Amerodectes_ischyros_ex_Setophaga_fusca_BLBW861R
MAWA_362_A_CCTTAGGT-TTGAGGCA ,Amerodectes_ischyros_ex_Setophaga_magnolia_MAWA362A
CSWA_939_R_TCCATTGC-TCCTACCT ,Amerodectes_ischyros_ex_Setophaga_pensylvanica_CSWA939R
AMRE_967_R_ACGGACTT-TCTCCGAT ,Amerodectes_ischyros_ex_Setophaga_ruticilla_AMRE967R
CMWA_952_R_CTAAGACC-CTGTTAGG ,Amerodectes_ischyros_ex_Setophaga_tigrina_CMWA952R
BTNW_492_R_AAGGACCA-GTGTTCCT ,Amerodectes_ischyros_ex_Setophaga_virens_BTNW492R
GWWA_928_R_ACGAGAAC-CGAACTGT ,Amerodectes_ischyros_ex_Vermivora_chrysoptera_GWWA928R
BWWA_412_R_GTACACCT-TTGGTCTC ,Amerodectes_ischyros_ex_Vermivora_cyanoptera_BWWA412R
LOWA_438_A_AACTTGCC-GAAGTTGG ,Amerodectes_jonesborensis_ex_Parkesia_motacilla_LOWA438A
NOWA_315_A_CGTCCATT-AGGAGGAA ,Amerodectes_jonesborensis_ex_Parkesia_noveboracensis_NOWA315A
PROW_974_R_CGCTACAT-CGTAGGTT ,Amerodectes_protonotaria_ex_Protonotaria_citrea_PROW974R
KEWA_584_R_TCTAGGAG-CGTTGCAA ,Amerodectes_seiurus_ex_Geothlypis_formosa_KEWA584R
NAWA_328_A_CCACAACA-CTTGGATG ,Amerodectes_seiurus_ex_Leiothlypis_ruficapilla_NAWA328A
OVEN_614_P_CTTCCTTC-ACCTGGAA ,Amerodectes_seiurus_ex_Seiurus_aurocapilla_OVEN614P
BAWW_968_P_CGACCTAA-CAGGTTAG ,Amerodectes_sp_n_1_ex_Mniotilta_varia_BAWW968P
Proctophyllodes_miliariae ,Proctophyllodes_miliariae_ex_Emberiza_calandra
YEWA_941_P_Pr_CTATCCAC-TGTGCGTT ,Proctophyllodes_quadratus_ex_Setophaga_petechia_YEWA941P_Pr
YEWA_941_P_Tr_ACGCTTCT-GACTTAGG ,Trouessartia_sp_ex_Setophaga_petechia_YEWA941P_Tr
PRAW_770_P_AAGTCCTC-TGGTAGCT ,Tyrannidectes_aff_charitomenos_ex_Setophaga_discolor_PRAW770P
NOPA_676_R_AACCGAAC-CGAGTATG ,Tyrannidectes_charitomenos_ex_Setophaga_americana_NOPA676R
YTWA_970_R_GAACCTTC-GTACCTTG ,Tyrannidectes_charitomenos_ex_Setophaga_dominica_YTWA970R
BTNW_765_P_CCAAGTAG-TCACGTTC ,Tyrannidectes_charitomenos_ex_Setophaga_virens_BTNW765P